{"_timestamp":1.7398000110579333e+09,"_runtime":837.2056282,"_step":2,"roc_auc_curve":{"height":700,"_type":"image-file","sha256":"57efe3fab763cb9d719f20f0edf01a8aa285591301d0a596579e0855064d4392","size":115422,"path":"media/images/roc_auc_curve_2_57efe3fab763cb9d719f.png","format":"png","width":700},"_wandb":{"runtime":837},"Training AUC: ":0.6548905415669201,"Validation AUC: ":0.7055616852599088}