{"Validation AUC":0.15100205434404068,"_timestamp":1.739891234285557e+09,"_runtime":489.1636344,"_step":0,"_wandb":{"runtime":489},"Training AUC":0.14672209295937}