{"roc_auc_curve":{"_type":"image-file","sha256":"c7b6ffed6bab31aaf0f1b2c04251852e663cd377d5e2ae00b52ece1be7e16272","size":108540,"path":"media/images/roc_auc_curve_38_c7b6ffed6bab31aaf0f1.png","format":"png","width":700,"height":700},"_wandb":{"runtime":9334},"Training AUC: ":0.7676458205064147,"Validation AUC: ":0.7643624028544861,"_timestamp":1.7398096997193472e+09,"_runtime":9269.963187,"_step":38}