{"_step":26,"roc_auc_curve":{"sha256":"495e4e5d5e379bc801015aee1ed3ac55f10083e7356bbef1a88fa351c353ea4d","size":106992,"path":"media/images/roc_auc_curve_26_495e4e5d5e379bc80101.png","format":"png","width":700,"height":700,"_type":"image-file"},"_wandb":{"runtime":6617},"Training AUC: ":0.7611104806485309,"Validation AUC: ":0.7588175688359697,"_timestamp":1.7397954519180224e+09,"_runtime":6617.4215507}